<?xml version="1.0" encoding="UTF-8"?>
<teamcity-plugin xmlns:xsi="http://www.w3.org/2001/XMLSchema-instance"
                 xsi:noNamespaceSchemaLocation="urn:schemas-jetbrains-com:teamcity-plugin-v1-xml">
  <info>
    <name>groovyPlug</name>
    <display-name>TeamCity GroovyPlug</display-name>
    <version>trunk-2017.1-7</version> <!-- will be replaced from script -->
    <vendor>
      <name>JetBrains s.r.o.</name>  <!-- will be replaced from script -->
      <url>http://www.jetbrains.com/</url> <!-- will be replaced from script -->
    </vendor>
  </info>
  <deployment use-separate-classloader="true"/>
</teamcity-plugin>
